{
    "Ib": [
        20.680595791336554, 
        22.730595791336555, 
        26.832595791336551, 
        32.984595791336552, 
        41.187595791336548, 
        49.391595791336556, 
        61.695595791336558, 
        75.025595791336556, 
        91.432595791336553, 
        109.88959579133655, 
        128.34659579133657, 
        155.00659579133654
    ], 
    "Ic": [
        5.908, 
        7.324, 
        9.342, 
        11.979, 
        14.648, 
        17.985, 
        22.07, 
        27.213, 
        32.324, 
        37.939, 
        44.059, 
        49.951
    ], 
    "hFE": 349
}