{
    "Ib": [
        17.834721351772568, 
        19.88572135177257, 
        22.961721351772571, 
        28.08872135177257, 
        33.215721351772572, 
        41.418721351772575, 
        52.697721351772572, 
        62.951721351772576, 
        77.307721351772571, 
        95.764721351772565, 
        114.22172135177257, 
        132.67872135177257, 
        158.31272135177255
    ], 
    "Ic": [
        4.947, 
        5.989, 
        7.975, 
        9.847, 
        12.32, 
        15.397, 
        19.417, 
        22.656, 
        28.401, 
        33.772, 
        39.615, 
        46.028, 
        49.951
    ], 
    "hFE": 352
}