{
    "Ib": [
        20.488273435500385, 
        25.615273435500388, 
        28.691273435500385, 
        34.843273435500386, 
        43.046273435500382, 
        52.275273435500381, 
        65.605273435500393, 
        76.88427343550039, 
        95.341273435500383, 
        111.74827343550038, 
        132.25527343550038, 
        154.81427343550038, 
        186.60127343550039
    ], 
    "Ic": [
        5.81, 
        7.584, 
        9.342, 
        11.555, 
        14.339, 
        17.919, 
        21.549, 
        26.529, 
        31.103, 
        37.19, 
        43.164, 
        49.886, 
        49.951
    ], 
    "hFE": 327
}