{
    "Ib": [
        17.292974226468818, 
        21.394974226468818, 
        27.546974226468819, 
        33.699974226468818, 
        41.902974226468814, 
        52.156974226468819, 
        65.486974226468817, 
        81.892974226468823, 
        98.298974226468815, 
        121.88297422646882, 
        146.49297422646882, 
        178.27997422646882
    ], 
    "Ic": [
        5.273, 
        6.754, 
        8.447, 
        10.465, 
        13.769, 
        17.187, 
        20.849, 
        26.367, 
        32.535, 
        38.492, 
        46.451, 
        49.951
    ], 
    "hFE": 320
}