{
    "Ib": [
        19.412534344484932, 
        23.513534344484931, 
        28.640534344484934, 
        36.843534344484937, 
        46.072534344484936, 
        57.351534344484932, 
        69.656534344484925, 
        87.087534344484936, 
        102.46853434448494, 
        127.07853434448494, 
        147.58653434448493
    ], 
    "Ic": [
        6.331, 
        8.154, 
        10.384, 
        13.134, 
        16.227, 
        20.166, 
        25.716, 
        30.761, 
        36.865, 
        44.27, 
        49.951
    ], 
    "hFE": 354
}