{
    "Ib": [
        20.137131757142203, 
        24.238131757142202, 
        30.391131757142205, 
        36.543131757142206, 
        45.7711317571422, 
        56.025131757142205, 
        69.355131757142203, 
        87.812131757142211, 
        105.24413175714221, 
        126.7771317571422, 
        149.3361317571422, 
        178.04713175714218
    ], 
    "Ic": [
        6.005, 
        7.991, 
        9.912, 
        12.5, 
        16.015, 
        19.58, 
        24.446, 
        29.703, 
        36.36, 
        43.115, 
        49.934, 
        49.951
    ], 
    "hFE": 340
}