{
    "Ib": [
        14.137852701525933, 
        18.239852701525933, 
        23.366852701525932, 
        30.544852701525933, 
        39.772852701525935, 
        49.001852701525934, 
        60.28085270152593, 
        76.686852701525936, 
        94.118852701525938, 
        116.67685270152593, 
        144.36285270152592, 
        177.17485270152594, 
        208.96285270152595, 
        248.95285270152596, 
        292.01885270152593
    ], 
    "Ic": [
        2.636, 
        3.336, 
        4.361, 
        5.533, 
        7.226, 
        8.968, 
        11.474, 
        14.127, 
        17.789, 
        22.167, 
        27.246, 
        32.861, 
        39.225, 
        46.028, 
        49.951
    ], 
    "hFE": 186
}