{
    "Ib": [
        17.149944069401517, 
        23.301944069401515, 
        29.453944069401516, 
        35.606944069401521, 
        46.885944069401518, 
        58.164944069401514, 
        73.545944069401514, 
        90.977944069401516, 
        110.45994406940152, 
        138.14594406940151, 
        164.80594406940151, 
        199.6689440694015, 
        235.55794406940151, 
        276.57394406940153
    ], 
    "Ic": [
        3.613, 
        4.557, 
        5.924, 
        7.324, 
        9.358, 
        11.914, 
        14.811, 
        18.652, 
        22.965, 
        28.385, 
        34.456, 
        40.69, 
        47.656, 
        49.951
    ], 
    "hFE": 204
}