{
    "Ib": [
        17.097408240425878, 
        22.22440824042588, 
        29.40140824042588, 
        34.528408240425883, 
        44.78240824042588, 
        57.08740824042588, 
        72.468408240425887, 
        86.823408240425891, 
        109.38240824042589, 
        135.01740824042588, 
        162.70240824042588, 
        195.51540824042587, 
        234.47940824042587, 
        277.54640824042588
    ], 
    "Ic": [
        3.287, 
        4.182, 
        5.615, 
        6.917, 
        8.87, 
        11.539, 
        14.127, 
        17.513, 
        21.712, 
        26.871, 
        32.031, 
        38.476, 
        46.305, 
        49.951
    ], 
    "hFE": 197
}