{
    "Ib": [
        18.052609792363231, 
        21.128609792363232, 
        26.255609792363231, 
        34.459609792363231, 
        41.636609792363231, 
        50.86560979236323, 
        62.144609792363234, 
        76.500609792363235, 
        91.880609792363231, 
        111.36360979236323, 
        130.84560979236323, 
        154.42960979236324, 
        182.11560979236322
    ], 
    "Ic": [
        5.208, 
        6.754, 
        8.463, 
        10.709, 
        13.411, 
        16.162, 
        20.345, 
        25.032, 
        30.159, 
        35.774, 
        41.682, 
        48.958, 
        49.951
    ], 
    "hFE": 320
}