{
    "Ib": [
        17.465712934166479, 
        22.592712934166482, 
        28.744712934166479, 
        34.897712934166478, 
        43.100712934166481, 
        53.354712934166486, 
        64.633712934166482, 
        77.96371293416648, 
        94.369712934166486, 
        112.82671293416648, 
        132.30971293416647, 
        157.94371293416646
    ], 
    "Ic": [
        5.875, 
        7.503, 
        9.391, 
        11.816, 
        14.746, 
        17.74, 
        22.086, 
        26.822, 
        32.324, 
        37.972, 
        44.287, 
        49.951
    ], 
    "hFE": 337
}