{
    "Ib": [
        17.688216584477178, 
        22.815216584477181, 
        25.891216584477178, 
        32.043216584477179, 
        40.246216584477182, 
        49.475216584477181, 
        62.805216584477179, 
        71.008216584477182, 
        89.46521658447719, 
        103.82121658447718, 
        124.32921658447718, 
        144.83621658447717
    ], 
    "Ic": [
        6.119, 
        7.356, 
        9.261, 
        11.474, 
        14.42, 
        18.098, 
        21.435, 
        26.497, 
        31.705, 
        36.848, 
        43.587, 
        49.951
    ], 
    "hFE": 354
}