{
    "Ib": [
        19.775235996030688, 
        19.775235996030688, 
        22.851235996030688, 
        29.003235996030689, 
        35.156235996030688, 
        42.333235996030687, 
        52.587235996030685, 
        64.892235996030678, 
        76.171235996030688, 
        90.527235996030697, 
        110.0092359960307, 
        128.46623599603069, 
        147.94923599603069
    ], 
    "Ic": [
        5.696, 
        7.405, 
        9.049, 
        11.718, 
        14.208, 
        17.561, 
        21.63, 
        25.813, 
        30.908, 
        36.848, 
        43.05, 
        49.479, 
        49.951
    ], 
    "hFE": 395
}