{
    "Ib": [
        17.842751675277675, 
        19.893751675277677, 
        25.020751675277676, 
        29.121751675277679, 
        35.274751675277678, 
        43.477751675277673, 
        53.731751675277678, 
        63.984751675277678, 
        78.340751675277687, 
        92.695751675277677, 
        111.15275167527767, 
        129.60975167527766, 
        153.19375167527767
    ], 
    "Ic": [
        5.761, 
        7.063, 
        9.147, 
        11.018, 
        13.867, 
        16.91, 
        21.582, 
        25.374, 
        30.582, 
        35.742, 
        42.138, 
        48.551, 
        49.951
    ], 
    "hFE": 382
}