{
    "Ib": [
        18.012633305076019, 
        16.987633305076017, 
        19.038633305076019, 
        22.114633305076019, 
        28.26663330507602, 
        34.419633305076019, 
        43.647633305076013, 
        52.87663330507602, 
        64.155633305076009, 
        77.485633305076021, 
        93.891633305076027, 
        110.297633305076, 
        129.78063330507601, 
        149.26263330507604
    ], 
    "Ic": [
        4.638, 
        5.826, 
        7.291, 
        8.902, 
        11.881, 
        14.111, 
        17.236, 
        21.37, 
        25.651, 
        30.794, 
        36.36, 
        42.822, 
        49.316, 
        49.951
    ], 
    "hFE": 388
}