{
    "Ib": [
        29.662437386568179, 
        35.81443738656818, 
        40.941437386568182, 
        51.195437386568173, 
        60.424437386568179, 
        72.728437386568174, 
        88.109437386568175, 
        102.46543738656817, 
        121.94743738656817, 
        143.48043738656818
    ], 
    "Ic": [
        9.44, 
        11.848, 
        15.315, 
        18.554, 
        22.054, 
        26.855, 
        32.226, 
        37.532, 
        44.01, 
        49.951
    ], 
    "hFE": 358
}