{
    "Ib": [
        29.579730672094843, 
        34.706730672094842, 
        40.858730672094843, 
        47.010730672094844, 
        56.239730672094844, 
        67.518730672094847, 
        80.848730672094845, 
        96.229730672094846, 
        112.63573067209485, 
        132.11873067209484, 
        154.67673067209483
    ], 
    "Ic": [
        8.544, 
        10.823, 
        13.102, 
        16.487, 
        19.921, 
        24.772, 
        29.964, 
        35.205, 
        40.445, 
        46.94, 
        49.951
    ], 
    "hFE": 347
}