{
    "Ib": [
        25.449874514098674, 
        29.550874514098677, 
        34.677874514098676, 
        39.804874514098678, 
        48.007874514098674, 
        58.261874514098679, 
        70.566874514098686, 
        82.871874514098678, 
        98.252874514098679, 
        117.73487451409868, 
        138.24287451409867, 
        158.75087451409865
    ], 
    "Ic": [
        6.917, 
        8.74, 
        10.758, 
        13.281, 
        16.65, 
        20.328, 
        24.755, 
        29.915, 
        34.96, 
        41.031, 
        47.249, 
        49.951
    ], 
    "hFE": 337
}